{
  "train_rmse": 0.410462620985503,
  "test_rmse": 0.5448983774559253,
  "train_r2": 0.8739659565510423,
  "test_r2": 0.7734186451067517,
  "train_mae": 0.2897751244386232,
  "test_mae": 0.36721849453676003
}